"Status","Start Time","Stop Time","Duration in ms","Parent Suite","Suite","Sub Suite","Test Class","Test Method","Name","Description"
"passed","Tue Sep 29 12:34:13 UTC 2026","Tue Sep 29 12:34:13 UTC 2026","100","","br.com.serverest.tests.UsuariosTest","","br.com.serverest.tests.UsuariosTest","cadastrarUsuarioEmailInvalido","cadastrarUsuarioEmailInvalido(String, String) Email inválido (sem @) deve retornar 400",""
"passed","Tue Sep 29 12:34:12 UTC 2026","Tue Sep 29 12:34:12 UTC 2026","540","","br.com.serverest.tests.CarrinhosTest","","br.com.serverest.tests.CarrinhosTest","cancelarCompra","Cancelar compra deve retornar 200 e restaurar estoque",""
"passed","Tue Sep 29 12:33:43 UTC 2026","Tue Sep 29 12:33:43 UTC 2026","239","","br.com.serverest.tests.CarrinhosTest","","br.com.serverest.tests.CarrinhosTest","listarCarrinhos","Listar carrinhos deve retornar status 200",""
"passed","Tue Sep 29 12:34:11 UTC 2026","Tue Sep 29 12:34:12 UTC 2026","157","","br.com.serverest.tests.UsuariosTest","","br.com.serverest.tests.UsuariosTest","buscarUsuarioIdInexistente","Buscar usuário com ID inexistente deve retornar 400",""
"passed","Tue Sep 29 12:34:09 UTC 2026","Tue Sep 29 12:34:11 UTC 2026","2000","","br.com.serverest.tests.UsuariosTest","","br.com.serverest.tests.UsuariosTest","excluirUsuarioInexistente","Excluir usuário inexistente deve retornar 200 sem registro",""
"passed","Tue Sep 29 12:33:43 UTC 2026","Tue Sep 29 12:33:44 UTC 2026","835","","br.com.serverest.tests.CarrinhosTest","","br.com.serverest.tests.CarrinhosTest","concluirCompra","Concluir compra deve retornar 200 e excluir o carrinho","DELETE /carrinhos/concluir-compra deve finalizar a compra e retornar status 200"
"passed","Tue Sep 29 12:33:44 UTC 2026","Tue Sep 29 12:33:45 UTC 2026","222","","br.com.serverest.tests.ProdutosTest","","br.com.serverest.tests.ProdutosTest","listarProdutos","Listar produtos deve retornar 200 e headers corretos",""
"passed","Tue Sep 29 12:34:13 UTC 2026","Tue Sep 29 12:34:13 UTC 2026","98","","br.com.serverest.tests.UsuariosTest","","br.com.serverest.tests.UsuariosTest","cadastrarUsuarioEmailInvalido","cadastrarUsuarioEmailInvalido(String, String) Email inválido (sem domínio) deve retornar 400",""
"passed","Tue Sep 29 12:34:11 UTC 2026","Tue Sep 29 12:34:12 UTC 2026","150","","br.com.serverest.tests.CarrinhosTest","","br.com.serverest.tests.CarrinhosTest","criarCarrinhoSemToken","Criar carrinho sem token deve retornar 401",""
"passed","Tue Sep 29 12:34:12 UTC 2026","Tue Sep 29 12:34:12 UTC 2026","114","","br.com.serverest.tests.UsuariosTest","","br.com.serverest.tests.UsuariosTest","cadastrarUsuarioComCampoAusente","cadastrarUsuarioComCampoAusente(String, String, String, String, String) Cadastrar com nome ausente deve retornar 400",""
"passed","Tue Sep 29 12:34:12 UTC 2026","Tue Sep 29 12:34:12 UTC 2026","131","","br.com.serverest.tests.UsuariosTest","","br.com.serverest.tests.UsuariosTest","cadastrarUsuarioComCampoAusente","cadastrarUsuarioComCampoAusente(String, String, String, String, String) Cadastrar com password ausente deve retornar 400",""
"passed","Tue Sep 29 12:33:41 UTC 2026","Tue Sep 29 12:33:43 UTC 2026","2252","","br.com.serverest.tests.UsuariosTest","","br.com.serverest.tests.UsuariosTest","listarUsuarios","Listar usuários deve retornar 200, contrato e headers corretos","GET /usuarios valida status, JSON Schema e Content-Type"
"passed","Tue Sep 29 12:34:12 UTC 2026","Tue Sep 29 12:34:12 UTC 2026","278","","br.com.serverest.tests.ProdutosTest","","br.com.serverest.tests.ProdutosTest","excluirProduto","Excluir produto existente deve retornar 200",""
"passed","Tue Sep 29 12:34:12 UTC 2026","Tue Sep 29 12:34:12 UTC 2026","119","","br.com.serverest.tests.UsuariosTest","","br.com.serverest.tests.UsuariosTest","cadastrarUsuarioComCampoAusente","cadastrarUsuarioComCampoAusente(String, String, String, String, String) Cadastrar com email ausente deve retornar 400",""
"passed","Tue Sep 29 12:33:44 UTC 2026","Tue Sep 29 12:33:44 UTC 2026","836","","br.com.serverest.tests.UsuariosTest","","br.com.serverest.tests.UsuariosTest","buscarUsuarioPorId","Buscar usuário por ID deve retornar 200, schema e dados corretos",""
"passed","Tue Sep 29 12:33:44 UTC 2026","Tue Sep 29 12:33:45 UTC 2026","634","","br.com.serverest.tests.CarrinhosTest","","br.com.serverest.tests.CarrinhosTest","criarCarrinho","Criar carrinho com produto válido deve retornar 201","POST /carrinhos com produto e token válidos deve criar o carrinho e retornar status 201"
"passed","Tue Sep 29 12:34:12 UTC 2026","Tue Sep 29 12:34:12 UTC 2026","146","","br.com.serverest.tests.LoginTest","","br.com.serverest.tests.LoginTest","loginSemCredenciais","Login sem credenciais deve retornar 400","POST /login com body vazio deve retornar status 400 com mensagens de validação"
"passed","Tue Sep 29 12:34:12 UTC 2026","Tue Sep 29 12:34:12 UTC 2026","281","","br.com.serverest.tests.UsuariosTest","","br.com.serverest.tests.UsuariosTest","excluirUsuario","Excluir usuário existente deve retornar 200",""
"passed","Tue Sep 29 12:34:13 UTC 2026","Tue Sep 29 12:34:13 UTC 2026","237","","br.com.serverest.tests.ProdutosTest","","br.com.serverest.tests.ProdutosTest","cadastrarProdutoNomeDuplicado","Cadastrar produto com nome duplicado deve retornar 400",""
"passed","Tue Sep 29 12:34:12 UTC 2026","Tue Sep 29 12:34:13 UTC 2026","266","","br.com.serverest.tests.ProdutosTest","","br.com.serverest.tests.ProdutosTest","atualizarProduto","Atualizar produto existente deve retornar 200",""
"passed","Tue Sep 29 12:34:12 UTC 2026","Tue Sep 29 12:34:12 UTC 2026","131","","br.com.serverest.tests.ProdutosTest","","br.com.serverest.tests.ProdutosTest","cadastrarProdutoComDadosInvalidos","cadastrarProdutoComDadosInvalidos(String, String, Integer, String, Integer) Criar produto com quantidade negativa deve retornar 400",""
"passed","Tue Sep 29 12:34:12 UTC 2026","Tue Sep 29 12:34:12 UTC 2026","132","","br.com.serverest.tests.ProdutosTest","","br.com.serverest.tests.ProdutosTest","cadastrarProdutoSemToken","Cadastrar produto sem token deve retornar 401",""
"passed","Tue Sep 29 12:33:43 UTC 2026","Tue Sep 29 12:33:44 UTC 2026","1698","","br.com.serverest.tests.ProdutosTest","","br.com.serverest.tests.ProdutosTest","cadastrarProduto","Cadastrar produto com token admin deve retornar 201 e contrato válido","POST /produtos valida schema, dados e tempo de resposta"
"passed","Tue Sep 29 12:34:12 UTC 2026","Tue Sep 29 12:34:12 UTC 2026","355","","br.com.serverest.tests.CarrinhosTest","","br.com.serverest.tests.CarrinhosTest","concluirCompraSemCarrinho","Concluir compra sem carrinho ativo deve retornar 200",""
"passed","Tue Sep 29 12:34:13 UTC 2026","Tue Sep 29 12:34:13 UTC 2026","261","","br.com.serverest.tests.UsuariosTest","","br.com.serverest.tests.UsuariosTest","atualizarUsuario","Atualizar usuário existente deve retornar 200",""
"passed","Tue Sep 29 12:34:12 UTC 2026","Tue Sep 29 12:34:12 UTC 2026","121","","br.com.serverest.tests.UsuariosTest","","br.com.serverest.tests.UsuariosTest","cadastrarUsuarioComCampoAusente","cadastrarUsuarioComCampoAusente(String, String, String, String, String) Cadastrar com administrador ausente deve retornar 400",""
"passed","Tue Sep 29 12:33:43 UTC 2026","Tue Sep 29 12:33:43 UTC 2026","150","","br.com.serverest.tests.LoginTest","","br.com.serverest.tests.LoginTest","loginComCredenciaisValidas","Login com credenciais válidas deve retornar token","POST /login com email e senha corretos deve retornar status 200 e o token Bearer"
"passed","Tue Sep 29 12:33:43 UTC 2026","Tue Sep 29 12:33:44 UTC 2026","403","","br.com.serverest.tests.UsuariosTest","","br.com.serverest.tests.UsuariosTest","cadastrarUsuarioAdmin","Cadastrar usuário administrador deve retornar 201 e contrato válido",""
"passed","Tue Sep 29 12:34:11 UTC 2026","Tue Sep 29 12:34:12 UTC 2026","159","","br.com.serverest.tests.ProdutosTest","","br.com.serverest.tests.ProdutosTest","cadastrarProdutoComDadosInvalidos","cadastrarProdutoComDadosInvalidos(String, String, Integer, String, Integer) Criar produto com preço zero deve retornar 400",""
"passed","Tue Sep 29 12:34:13 UTC 2026","Tue Sep 29 12:34:13 UTC 2026","111","","br.com.serverest.tests.UsuariosTest","","br.com.serverest.tests.UsuariosTest","cadastrarUsuarioEmailInvalido","cadastrarUsuarioEmailInvalido(String, String) Email inválido (espaço) deve retornar 400",""
"passed","Tue Sep 29 12:34:12 UTC 2026","Tue Sep 29 12:34:12 UTC 2026","123","","br.com.serverest.tests.ProdutosTest","","br.com.serverest.tests.ProdutosTest","cadastrarProdutoComDadosInvalidos","cadastrarProdutoComDadosInvalidos(String, String, Integer, String, Integer) Criar produto com preço negativo deve retornar 400",""
"passed","Tue Sep 29 12:34:11 UTC 2026","Tue Sep 29 12:34:12 UTC 2026","147","","br.com.serverest.tests.LoginTest","","br.com.serverest.tests.LoginTest","loginComEmailInexistente","Login com email inexistente deve retornar 401","POST /login com email não cadastrado deve retornar status 401"
"passed","Tue Sep 29 12:34:12 UTC 2026","Tue Sep 29 12:34:12 UTC 2026","125","","br.com.serverest.tests.LoginTest","","br.com.serverest.tests.LoginTest","loginComSenhaIncorreta","Login com senha incorreta deve retornar 401","POST /login com senha errada deve retornar status 401"
"passed","Tue Sep 29 12:34:12 UTC 2026","Tue Sep 29 12:34:12 UTC 2026","117","","br.com.serverest.tests.ProdutosTest","","br.com.serverest.tests.ProdutosTest","cadastrarProdutoComDadosInvalidos","cadastrarProdutoComDadosInvalidos(String, String, Integer, String, Integer) Criar produto com descrição ausente deve retornar 400",""
"passed","Tue Sep 29 12:34:12 UTC 2026","Tue Sep 29 12:34:13 UTC 2026","250","","br.com.serverest.tests.UsuariosTest","","br.com.serverest.tests.UsuariosTest","cadastrarUsuarioEmailDuplicado","Cadastrar usuário com email duplicado deve retornar 400",""
"passed","Tue Sep 29 12:34:11 UTC 2026","Tue Sep 29 12:34:11 UTC 2026","205","","br.com.serverest.tests.ProdutosTest","","br.com.serverest.tests.ProdutosTest","cadastrarProdutoComDadosInvalidos","cadastrarProdutoComDadosInvalidos(String, String, Integer, String, Integer) Criar produto com nome ausente deve retornar 400",""
